Hospitality Consumer HGV4662-012 Revolution 5 oz. Taster (Set of 12),$23.84,https://m.media-amazon.com/images/I/41aidWHHWzL._AC_UL400_.jpg
Monoprice Blank Dcor Insert - White for Home.Office. Personal Install,$1.19,https://m.media-amazon.com/images/I/41EktNtOcUL._AC_UL400_.jpg
Delphi TD4523W Bar Bushing Kit,$12.06,https://m.media-amazon.com/images/I/61NzcsG40SL._AC_UL400_.jpg
HP SAS Internal Cable Kit - for ProLiant DL380 Gen9 785989-B21,$8.28,https://m.media-amazon.com/images/I/61KxDjOA7-L._AC_UL400_.jpg
World American 56360 Helical Side Gear "D" Washer,$20.01,https://m.media-amazon.com/images/I/51BxGmsL2SL._AC_UL400_.jpg
iStarUSA DD-300-SEA-RED 3U Compact Stylish Rack Mount Chassis with Sea Bezel - Red,$8.51,https://m.media-amazon.com/images/I/41zaYpOoTML._AC_UL400_.jpg
IBM 4849KDF Windows Small Business Server 2011 (CD-ROM),$12.01,https://m.media-amazon.com/images/I/71nL4XUcG6L._AC_UL400_.jpg
HP 452698-B21 PCI-X Riser Kit FORDL160G5/DL165G5 Serial Port Card,$14.52,https://m.media-amazon.com/images/I/41foOQuFW2S._AC_UL400_.jpg
Arctic Cat 0746-669 ARM.CAM-WIDE-P1-60 GRAM W/SET SCREW. 3 Pack,$8.19,https://m.media-amazon.com/images/I/71VFjXJTfcL._AC_UL400_.jpg
ARM.CAM-WIDE-P1-65 GRAM W/SET SCREW,$8.19,https://m.media-amazon.com/images/I/71HRHy3THeL._AC_UL400_.jpg
Hospitality Consumer HB46/X-003-C-001 Long 12" Tweezers - Copper,$15.70,https://m.media-amazon.com/images/I/61noHr7P5IL._AC_UL400_.jpg
Hospitality Consumer HB46/PROMEGJIG-M-001 ProMegJig 1 oz. / 1.5 oz. - Chrome,$16.24,https://m.media-amazon.com/images/I/61VOtZn5fCL._AC_UL400_.jpg
Hospitality Consumer HB46/BARRAY-001 Barray 4.75" Strainer - Chrome,$12.29,https://m.media-amazon.com/images/I/31gi1j6oOPL._AC_UL400_.jpg
Hospitality Consumer HB46/X-003-PB-001 Long 12" Tweezers - Black,$15.15,https://m.media-amazon.com/images/I/612huvMOZBL._AC_UL400_.jpg
Hospitality Consumer HB46/BARSTIK-PB-001 Barstik 9" - Black,$19.68,https://m.media-amazon.com/images/I/71IZ6ViCh8L._AC_UL400_.jpg
Hospitality Consumer HB46/PF006-001 Proflow - Black,$14.03,https://m.media-amazon.com/images/I/518EjLzMDiL._AC_UL400_.jpg
Hospitality Consumer HB46/JULEP-G-001 Juliep 6.5" Dual Purpose Strainer - Gold,$20.32,https://m.media-amazon.com/images/I/71zKOOVQd6L._AC_UL400_.jpg
Hospitality Consumer HB46/PF005-001 Proflow - Copper,$13.73,https://m.media-amazon.com/images/I/51h5qOaN9IL._AC_UL400_.jpg
Hospitality Consumer HB46/X-034-G-001 Toby Tin 19.5 oz. - Gold,$14.37,https://m.media-amazon.com/images/I/31QSgvP76xL._AC_UL400_.jpg
Hospitality Consumer HB46/PROMEGJIG-MC-001 ProMegJig 1 oz. / 1.5 oz. - Copper,$23.76,https://m.media-amazon.com/images/I/61knPPIWoKL._AC_UL400_.jpg
Hospitality Consumer HB46/BARRAY-PB-001 Barray 4.75" Strainer - Black,$16.34,https://m.media-amazon.com/images/I/41utHFWWLeL._AC_UL400_.jpg
Hospitality Consumer HB46/BF006-001 Barflow 4.75" - Black,$7.66,https://m.media-amazon.com/images/I/61BiPWOyzkL._AC_UL400_.jpg
Hospitality Consumer HB46/BARRAY-C-001 Barray 4.75" Strainer - Copper,$16.55,https://m.media-amazon.com/images/I/41yO9xGlxJL._AC_UL400_.jpg
Hospitality Consumer HB46/X-076-C-001 Garnish Tweezers - Copper,$14.36,https://m.media-amazon.com/images/I/31UTWPnk9XL._AC_UL400_.jpg
